phase_ps,corrupted,received,sent
0,18,50,32
250,17,49,32
500,17,49,32
750,17,49,32
1000,17,49,32
1250,18,50,32
1500,18,50,32
1750,18,50,32
2000,18,50,32
2250,17,49,32
2500,17,49,32
2750,17,49,32
3000,17,49,32
3250,18,50,32
3500,18,50,32
3750,18,50,32
4000,18,50,32
4250,17,49,32
4500,17,49,32
4750,17,49,32
5000,17,49,32
5250,17,49,32
5500,17,49,32
5750,17,49,32
6000,17,49,32
6250,17,49,32
6500,17,49,32
6750,17,49,32
7000,17,49,32
7250,17,49,32
7500,17,49,32
7750,17,49,32
8000,17,49,32
8250,17,49,32
8500,17,49,32
8750,17,49,32
9000,17,49,32
9250,18,50,32
9500,18,50,32
9750,18,50,32
10000,18,50,32
10250,17,49,32
10500,17,49,32
10750,17,49,32
11000,17,49,32
11250,18,50,32
11500,18,50,32
11750,18,50,32
12000,18,50,32
12250,17,49,32
12500,17,49,32
12750,17,49,32
13000,17,49,32
13250,18,50,32
13500,18,50,32
13750,18,50,32
14000,18,50,32
14250,17,49,32
14500,17,49,32
14750,17,49,32
15000,17,49,32
15250,17,49,32
15500,17,49,32
15750,17,49,32
16000,17,49,32
16250,17,49,32
16500,17,49,32
16750,17,49,32
17000,17,49,32
17250,17,49,32
17500,17,49,32
17750,17,49,32
18000,17,49,32
18250,17,49,32
18500,17,49,32
18750,17,49,32
19000,17,49,32
19250,18,50,32
19500,18,50,32
19750,18,50,32
20000,18,50,32
20250,17,49,32
20500,17,49,32
20750,17,49,32
21000,17,49,32
21250,18,50,32
21500,18,50,32
21750,18,50,32
22000,18,50,32
22250,17,49,32
22500,17,49,32
22750,17,49,32
23000,17,49,32
23250,18,50,32
23500,18,50,32
23750,18,50,32
24000,18,50,32
24250,17,49,32
24500,17,49,32
24750,17,49,32
25000,17,49,32
25250,17,49,32
25500,17,49,32
25750,17,49,32
26000,17,49,32
26250,17,49,32
26500,17,49,32
26750,17,49,32
27000,17,49,32
27250,17,49,32
27500,17,49,32
27750,17,49,32
28000,17,49,32
28250,17,49,32
28500,17,49,32
28750,17,49,32
29000,17,49,32
29250,18,50,32
29500,18,50,32
29750,18,50,32
30000,18,50,32
30250,17,49,32
30500,17,49,32
30750,17,49,32
31000,17,49,32
31250,18,50,32
31500,18,50,32
31750,18,50,32
32000,18,50,32
32250,17,49,32
32500,17,49,32
32750,17,49,32
33000,17,49,32
33250,18,50,32
33500,18,50,32
33750,18,50,32
34000,18,50,32
34250,17,49,32
34500,17,49,32
34750,17,49,32
35000,17,49,32
35250,17,49,32
35500,17,49,32
35750,17,49,32
36000,17,49,32
36250,17,49,32
36500,17,49,32
36750,17,49,32
37000,17,49,32
37250,17,49,32
37500,17,49,32
37750,17,49,32
38000,17,49,32
38250,17,49,32
38500,17,49,32
38750,17,49,32
39000,17,49,32
39250,18,50,32
39500,18,50,32
39750,18,50,32
40000,18,50,32
40250,17,49,32
40500,17,49,32
40750,17,49,32
41000,17,49,32
41250,18,50,32
41500,18,50,32
41750,18,50,32
42000,18,50,32
42250,17,49,32
42500,17,49,32
42750,17,49,32
43000,17,49,32
43250,18,50,32
43500,18,50,32
43750,18,50,32
44000,18,50,32
44250,17,49,32
44500,17,49,32
44750,17,49,32
45000,17,49,32
45250,17,49,32
45500,17,49,32
45750,17,49,32
46000,17,49,32
46250,17,49,32
46500,17,49,32
46750,17,49,32
47000,17,49,32
47250,17,49,32
47500,17,49,32
47750,17,49,32
48000,17,49,32
48250,17,49,32
48500,17,49,32
48750,17,49,32
49000,17,49,32
49250,18,50,32
49500,18,50,32
49750,18,50,32
50000,18,50,32
50250,17,49,32
50500,17,49,32
50750,17,49,32
51000,17,49,32
51250,18,50,32
51500,18,50,32
51750,18,50,32
52000,18,50,32
52250,17,49,32
52500,17,49,32
52750,17,49,32
53000,17,49,32
53250,18,50,32
53500,18,50,32
53750,18,50,32
54000,18,50,32
54250,17,49,32
54500,17,49,32
54750,17,49,32
55000,17,49,32
55250,17,49,32
55500,17,49,32
55750,17,49,32
56000,17,49,32
56250,17,49,32
56500,17,49,32
56750,17,49,32
57000,17,49,32
57250,17,49,32
57500,17,49,32
57750,17,49,32
58000,17,49,32
58250,17,49,32
58500,17,49,32
58750,17,49,32
59000,17,49,32
59250,18,50,32
59500,18,50,32
59750,18,50,32
60000,18,50,32
60250,17,49,32
60500,17,49,32
60750,17,49,32
61000,17,49,32
61250,18,50,32
61500,18,50,32
61750,18,50,32
62000,18,50,32
62250,17,49,32
62500,17,49,32
62750,17,49,32
63000,17,49,32
63250,18,50,32
63500,18,50,32
63750,18,50,32
64000,18,50,32
64250,17,49,32
64500,17,49,32
64750,17,49,32
65000,17,49,32
65250,17,49,32
65500,17,49,32
65750,17,49,32
66000,17,49,32
66250,17,49,32
66500,17,49,32
66750,17,49,32
67000,17,49,32
67250,17,49,32
67500,17,49,32
67750,17,49,32
68000,17,49,32
68250,17,49,32
68500,17,49,32
68750,17,49,32
69000,17,49,32
69250,18,50,32
69500,18,50,32
69750,18,50,32
70000,18,50,32
70250,17,49,32
70500,17,49,32
70750,17,49,32
71000,17,49,32
71250,18,50,32
71500,18,50,32
71750,18,50,32
72000,18,50,32
72250,17,49,32
72500,17,49,32
72750,17,49,32
73000,17,49,32
73250,18,50,32
73500,18,50,32
73750,18,50,32
74000,18,50,32
74250,17,49,32
74500,17,49,32
74750,17,49,32
75000,17,49,32
75250,17,49,32
75500,17,49,32
75750,17,49,32
76000,17,49,32
76250,17,49,32
76500,17,49,32
76750,17,49,32
77000,17,49,32
77250,17,49,32
77500,17,49,32
77750,17,49,32
78000,17,49,32
78250,17,49,32
78500,17,49,32
78750,17,49,32
79000,17,49,32
79250,18,50,32
79500,18,50,32
79750,18,50,32
80000,18,50,32
80250,17,49,32
80500,17,49,32
80750,17,49,32
81000,17,49,32
81250,18,50,32
81500,18,50,32
81750,18,50,32
82000,18,50,32
82250,17,49,32
82500,17,49,32
82750,17,49,32
83000,17,49,32
83250,18,50,32
83500,18,50,32
83750,18,50,32
84000,18,50,32
84250,17,49,32
84500,17,49,32
84750,17,49,32
85000,17,49,32
85250,17,49,32
85500,17,49,32
85750,17,49,32
86000,17,49,32
86250,17,49,32
86500,17,49,32
86750,17,49,32
87000,17,49,32
87250,17,49,32
87500,17,49,32
87750,17,49,32
88000,17,49,32
88250,17,49,32
88500,17,49,32
88750,17,49,32
89000,17,49,32
89250,18,50,32
89500,18,50,32
89750,18,50,32
90000,18,50,32
90250,17,49,32
90500,17,49,32
90750,17,49,32
91000,17,49,32
91250,18,50,32
91500,18,50,32
91750,18,50,32
92000,18,50,32
92250,17,49,32
92500,17,49,32
92750,17,49,32
93000,17,49,32
93250,18,50,32
93500,18,50,32
93750,18,50,32
94000,18,50,32
94250,17,49,32
94500,17,49,32
94750,17,49,32
95000,17,49,32
95250,17,49,32
95500,17,49,32
95750,17,49,32
96000,17,49,32
96250,17,49,32
96500,17,49,32
96750,17,49,32
97000,17,49,32
97250,17,49,32
97500,17,49,32
97750,17,49,32
98000,17,49,32
98250,17,49,32
98500,17,49,32
98750,17,49,32
99000,17,49,32
99250,18,50,32
99500,18,50,32
99750,18,50,32
100000,18,50,32
100250,17,49,32
100500,17,49,32
100750,17,49,32
101000,17,49,32
101250,18,50,32
101500,18,50,32
101750,18,50,32
102000,18,50,32
102250,17,49,32
102500,17,49,32
102750,17,49,32
103000,17,49,32
103250,18,50,32
103500,18,50,32
103750,18,50,32
104000,18,50,32
104250,17,49,32
104500,17,49,32
104750,17,49,32
105000,17,49,32
105250,17,49,32
105500,17,49,32
105750,17,49,32
106000,17,49,32
106250,17,49,32
106500,17,49,32
106750,17,49,32
107000,17,49,32
107250,17,49,32
107500,17,49,32
107750,17,49,32
108000,17,49,32
108250,17,49,32
108500,17,49,32
108750,17,49,32
109000,17,49,32
109250,18,50,32
109500,18,50,32
109750,18,50,32
110000,18,50,32
110250,17,49,32
110500,17,49,32
110750,17,49,32
111000,17,49,32
111250,18,50,32
111500,18,50,32
111750,18,50,32
112000,18,50,32
112250,17,49,32
112500,17,49,32
112750,17,49,32
113000,17,49,32
113250,18,50,32
113500,18,50,32
113750,18,50,32
114000,18,50,32
114250,17,49,32
114500,17,49,32
114750,17,49,32
115000,17,49,32
115250,17,49,32
115500,17,49,32
115750,17,49,32
116000,17,49,32
116250,17,49,32
116500,17,49,32
116750,17,49,32
117000,17,49,32
117250,17,49,32
117500,17,49,32
117750,17,49,32
118000,17,49,32
118250,17,49,32
118500,17,49,32
118750,17,49,32
119000,17,49,32
119250,18,50,32
119500,18,50,32
119750,18,50,32
120000,18,50,32
120250,17,49,32
120500,17,49,32
120750,17,49,32
121000,17,49,32
121250,18,50,32
121500,18,50,32
121750,18,50,32
122000,18,50,32
122250,17,49,32
122500,17,49,32
122750,17,49,32
123000,17,49,32
123250,18,50,32
123500,18,50,32
123750,18,50,32
124000,18,50,32
124250,17,49,32
124500,17,49,32
124750,17,49,32
125000,17,49,32
125250,17,49,32
125500,17,49,32
125750,17,49,32
126000,17,49,32
126250,17,49,32
126500,17,49,32
126750,17,49,32
127000,17,49,32
127250,17,49,32
127500,17,49,32
127750,17,49,32
128000,17,49,32
128250,17,49,32
128500,17,49,32
128750,17,49,32
129000,17,49,32
129250,18,50,32
129500,18,50,32
129750,18,50,32
